{
  "title": "2025–2026 Hospitality & Dark Horse Sign Up",
  "months": [
    { "label": "September", "items": ["1. Key -", "2. Milk -", "3.", "4.", "5.", "6."] },
    { "label": "October",   "items": ["1. Key -", "2. Milk -", "3.", "4.", "5.", "6."] },
    { "label": "November",  "items": ["1. Key -", "2. Milk -", "3.", "4.", "5.", "6."] },
    { "label": "December – Party", "items": ["1. Key -", "2. Milk -", "3.", "4.", "5.", "6."] },
    { "label": "January",   "items": ["1. Key -", "2. Milk -", "3.", "4.", "5.", "6."] },
    { "label": "February",  "items": ["1. Key -", "2. Milk -", "3.", "4.", "5.", "6."] },
    { "label": "March",     "items": ["1. Key -", "2. Milk -", "3.", "4.", "5.", "6."] },
    { "label": "April",     "items": ["1. Key -", "2. Milk -", "3.", "4.", "5.", "6."] },
    { "label": "May – Dinner", "items": ["1. Key -", "2. Milk -", "3.", "4.", "5.", "6."] },
    { "label": "June",      "items": ["1. Key -", "2. Milk -", "3.", "4.", "5.", "6."] }
  ]
}
